Job, Area, City, Date/Time Posted
REQUIRED BODY GUARD,Garden West, Karachi�
Part Time Job / Full Time Job / Home Base Job / Online Jobs, Gulshan-e-Iqbal Town, Karachi�
online jobs/full time/part time/simple typing jobs for boys and girls, Shahra-e-Faisal, Karachi�
Required Plumber, Super Highway, Karachi�
Driver jobs /Rider Jobs/Company Work permit VisaJobs in saudia,
,
,
, Gulshan-e-Iqbal Town, Karachi�
online jobs/full time/part time/simple typing jobs for boys and girls, Shah Faisal Town, Karachi�
Call Centre - Jobs (USA Campaign) Male & Female - CSR, Surjani Town, Karachi�
Online Job / Typing job / Assignment Job / Data Entry Job / Online, New Karachi, Karachi�
Online Part time/full time/home job/Assignments/Typing/Data entry/Ads, Hill Park, Karachi�
A Female Receptionist Needed, Buffer Zone 1, Karachi�
Female secretary / Assistant, North Nazimabad - Block B, Karachi�
khawateen ke liye 24hrs ke job hai, Kemari Town, Karachi�
Sales Agent Execuctive, Gulistan-e-Jauhar, Karachi�
age 19, Pehlwan Goth, Karachi�
ac k Kam k leya helper chaya, DHA Phase 7, Karachi�
content writing, Clifton Cantonment, Karachi�
03702479288, Gulistan-e-Jauhar Block 18, Karachi�
indoor office work vaccancies, Nazimabad 3, Karachi�
cokidar gard, Bahria Town Karachi, Karachi�
KISI KO KOI BHI MARKSHEET YA CERTIFICATE YA KISI KO KISI KI DETAILS, North Nazimabad, Karachi�
OFFICE ASSISSTANT REQUIRED, Gulshan-e-Jamal, Karachi�
Driver online, Rasheedabad, Karachi�
Good opportunity for housewife, Saddar, Karachi�
REQUIRED BODY GUARD, Garden West, Karachi�, 2 weeks ago
Part Time Job / Full Time Job / Home Base Job / Online Jobs, Gulshan-e-Iqbal Town, Karachi�, 2 weeks ago
online jobs/full time/part time/simple typing jobs for boys and girls, Shahra-e-Faisal, Karachi�, 3 weeks ago
Required Plumber, Super Highway, Karachi�, 1 week ago
Driver jobs , Rider Jobs , Company Work permit Visa , Jobs in saudia, Gulshan-e-Iqbal Town, Karachi�, 2 days ago
online jobs/full time/part time/simple typing jobs for boys and girls, Shah Faisal Town, Karachi�, 3 weeks ago
Call Centre - Jobs (USA Campaign) Male & Female - CSR, Surjani Town, Karachi�, 2 weeks ago
Online Job / Typing job / Assignment Job / Data Entry Job / Online, New Karachi, Karachi�, 3 weeks ago
Online Part time/full time/home job/Assignments/Typing/Data entry/Ads, Hill Park, Karachi�, 5 days ago
A Female Receptionist Needed, Buffer Zone 1, Karachi�, 18 minutes ago
Female secretary / Assistant, North Nazimabad - Block B, Karachi�, 28 minutes ago
khawateen ke liye 24hrs ke job hai, Kemari Town, Karachi�, 28 minutes ago
Sales Agent Execuctive, Gulistan-e-Jauhar, Karachi�, 28 minutes ago
age 19, Pehlwan Goth, Karachi�, 38 minutes ago
ac k Kam k leya helper chaya, DHA Phase 7, Karachi�, 52 minutes ago
content writing, Clifton Cantonment, Karachi�, 55 minutes ago
03702479288, Gulistan-e-Jauhar Block 18, Karachi�, 58 minutes ago
indoor office work vaccancies, Nazimabad 3, Karachi�, 1 hour ago
cokidar gard, Bahria Town Karachi, Karachi�, 1 hour ago
KISI KO KOI BHI MARKSHEET YA CERTIFICATE YA KISI KO KISI KI DETAILS, North Nazimabad, Karachi�, 1 hour ago
OFFICE ASSISSTANT REQUIRED, Gulshan-e-Jamal, Karachi�, 1 hour ago
Driver online, Rasheedabad, Karachi�, 1 hour ago
Good opportunity for housewife, Saddar, Karachi�, 1 hour ago
REQUIRED BODY GUARD, Garden West, Karachi�, 2 weeks ago
Part Time Job / Full Time Job / Home Base Job / Online Jobs, Gulshan-e-Iqbal Town, Karachi�, 2 weeks ago
online jobs/full time/part time/simple typing jobs for boys and girls, Shahra-e-Faisal, Karachi�, 3 weeks ago
Required Plumber, Super Highway, Karachi�, 1 week ago
Driver jobs , Rider Jobs , Company Work permit Visa , Jobs in saudia, Gulshan-e-Iqbal Town, Karachi�, 2 days ago
online jobs/full time/part time/simple typing jobs for boys and girls, Shah Faisal Town, Karachi�, 3 weeks ago
Call Centre - Jobs (USA Campaign) Male & Female - CSR, Surjani Town, Karachi�, 2 weeks ago
Online Job / Typing job / Assignment Job / Data Entry Job / Online, New Karachi, Karachi�, 3 weeks ago
Online Part time/full time/home job/Assignments/Typing/Data entry/Ads, Hill Park, Karachi�, 5 days ago
A Female Receptionist Needed, Buffer Zone 1, Karachi�, 18 minutes ago
Female secretary / Assistant, North Nazimabad - Block B, Karachi�, 28 minutes ago
khawateen ke liye 24hrs ke job hai, Kemari Town, Karachi�, 28 minutes ago
Sales Agent Execuctive, Gulistan-e-Jauhar, Karachi�, 28 minutes ago
age 19, Pehlwan Goth, Karachi�, 38 minutes ago
ac k Kam k leya helper chaya, DHA Phase 7, Karachi�, 52 minutes ago
content writing, Clifton Cantonment, Karachi�, 55 minutes ago
03702479288, Gulistan-e-Jauhar Block 18, Karachi�, 58 minutes ago
indoor office work vaccancies, Nazimabad 3, Karachi�, 1 hour ago
cokidar gard, Bahria Town Karachi, Karachi�, 1 hour ago
KISI KO KOI BHI MARKSHEET YA CERTIFICATE YA KISI KO KISI KI DETAILS, North Nazimabad, Karachi�, 1 hour ago
OFFICE ASSISSTANT REQUIRED, Gulshan-e-Jamal, Karachi�, 1 hour ago
Driver online, Rasheedabad, Karachi�, 1 hour ago
Good opportunity for housewife, Saddar, Karachi�, 1 hour ago
